Reg ID,Created At,Status,First Name,Last Name,Mobile,Email,College,Tech Event,Non-Tech Event,Fee,Team Name,Leader Name,Leader Phone,Leader Email,Teammate 2,Teammate 3,Teammate 4
"QAURA-2026-1040","Wed Oct 07 2026 20:16:44 GMT+0530 (India Standard Time)","Pending Verification","Bala soundarya","A V","9363599407","balasoundaryaav@gmail.com","NPR College of Engineering and Technology","Hackathon","None","₹300 (Team)","Tech sparks","Bala soundarya A V","9363599407","balasoundaryaav@gmail.com","Keerthana J","Narmadha devi",""
"QAURA-2026-1780","Wed Oct 07 2026 20:16:44 GMT+0530 (India Standard Time)","Pending Verification","Kishore","R","7358500253","kishore.r7353@gmail.com","Sree sakthi engineering College","Hackathon","None","₹300 (Team)","TECH ZYREX","Kishore.R","7358500253","kishore.r7353@gmail.com","Habeeb Raja.S","Mathan raj.S",""
"QAURA-2026-5497","Wed Oct 07 2026 20:16:44 GMT+0530 (India Standard Time)","Pending Verification","MANIKANDAN","S","9965559912","manikandanwar975@gmail.com","SREE SAKTHI ENGINEERING COLLEGE","Hackathon","None","₹300 (Team)","TECH INFINIX","MANIKANDAN. S","9965559912","manikandanwar975@gmail.com","Jahir hussain. S","Kalaiarsan. S",""
"QAURA-2026-8020","Wed Oct 07 2026 20:16:44 GMT+0530 (India Standard Time)","Pending Verification","R. Kishore","Kumar","9597797965","kishorekumarr601@gmail.com","Sree sakthi engineering college","Hackathon","None","₹300 (Team)","Tech Nova","R. Kishore Kumar","9597797965","kishorekumarr601@gmail.com","K. Jeeva","M. Abishek",""
"QAURA-2026-9255","Wed Oct 07 2026 20:16:44 GMT+0530 (India Standard Time)","Pending Verification","Anbu","Dhanush","9342596848","abishek76217621@gmail.com","Sree Sakthi Engineering college Coimbatore (Technical campus)","Hackathon","None","₹300 (Team)","TeamTechnitix","Dhanush","9360754243","dhanushjaya68@gmail.com","Abishek T","Anbu P",""
"QAURA-2026-3619","Wed Oct 07 2026 20:16:44 GMT+0530 (India Standard Time)","Pending Verification","Dharani","D","9025704849","dharanidakshinamoorthy07@gmail.com","Jaishriram engineering college","Hackathon","None","₹300 (Team)","Geoslot","Dharani D","9025704849","dharanidakshinamoorthy07@gmail.com","Malarvizhi M","Manisha M",""
"QAURA-2026-4808","Wed Oct 07 2026 20:16:44 GMT+0530 (India Standard Time)","Pending Verification","Kishore","R","7358500253","kishore.r7353@gmail.com","Sree sakthi engineering College","Hackathon","None","₹300 (Team)","TECH ZYREX","Kishore.R","7358500253","kishore.r7353@gmail.com","Habeeb Raja.S","Mathan raj.S",""
"QAURA-2026-6040","Wed Oct 07 2026 20:16:44 GMT+0530 (India Standard Time)","Pending Verification","Niranjana","S","8072714275","niranjanaseenivasagan15@gmail.com","NPR College of Engineering and Technology","Hackathon","None","₹300 (Team)","Innovatrix","Niranjana S","8072714275","niranjanaseenivasagan15@gmail.com","Abinaya S","Abi rubha M",""
"QAURA-2026-5241","Wed Oct 07 2026 20:16:44 GMT+0530 (India Standard Time)","Pending Verification","Bala soundarya","A V","9363599407","balasoundaryaav@gmail.com","NPR college of engineering and technology","Hackathon","None","₹300 (Team)","Tech sparks","Bala soundarya A V","9363599407","balasoundaryaav@gmail.com","Keerthana J","No",""
"QAURA-2026-3192","Wed Oct 07 2026 20:16:44 GMT+0530 (India Standard Time)","Pending Verification","Kalaivani","B","8015812583","kalaivanib2111@gmail.com","Dhanalakshmi Srinivasan college of engineering","Hackathon","None","₹300 (Team)","Hackzen","Kalaivani B","8015812583","kalaivanib2111@gmail.com","Jayasri V","Kaviya T",""
"QAURA-2026-6557","Wed Oct 07 2026 20:16:44 GMT+0530 (India Standard Time)","Pending Verification","Aysha","Shifana M","7358868804","ayshashifana370@gmail.com","NPR college of engineering and technology","Hackathon","None","₹300 (Team)","Tech titans","Aysha shifana m","7358868504","ayshashifana370@gmail.com","Asin Fathima F","Afritha safrin s",""
"QAURA-2026-2922","Wed Oct 07 2026 20:16:44 GMT+0530 (India Standard Time)","Pending Verification","Gokul","M","7092701082","gokulm583225205020@nprcolleges.org","N.P.R college of engineering and technology","Hackathon","None","₹300 (Team)","Spartens","Gokul M","7092701082","gokulm583225205020@nprcolleges.org","Vasanth P","Ganesh K",""
"QAURA-2026-4137","Wed Oct 07 2026 20:16:44 GMT+0530 (India Standard Time)","Pending Verification","Santhosh","A","9342746200","santhoshanand7628@gmail.com","Npr college of engineering and technology","Hackathon","None","₹300 (Team)","Tech nova","Santhosh A","9342746200","santhoshanand7628@gmail.com","Fazil Ahamed I","Harish kannan A",""
"QAURA-2026-1038","Wed Oct 07 2026 20:16:44 GMT+0530 (India Standard Time)","Pending Verification","Kavitha","Saraswathi S","9791581064","kavitha24197@gmail.com","Dhanalakshmi Srinivasan College of Engineering","Hackathon","None","₹300 (Team)","TechWanderers","Kavitha Saraswathi S","9791581064","kavitha24197@gmail.com","Kaviya S","Jayasri R",""
"QAURA-2026-7687","Wed Oct 07 2026 20:16:44 GMT+0530 (India Standard Time)","Pending Verification","Vishwa","R","8248069652","rvishwa961@gmail.com","NPR college of engineering and technology","Hackathon","None","₹300 (Team)","CodeStorm","Vishwa R","8248069652","rvishwa961@gmail.com","Aswin Raja S","Dhanajeyam S",""
"QAURA-2026-8258","Wed Oct 07 2026 20:16:44 GMT+0530 (India Standard Time)","Pending Verification","Mohamed","Binnathik M","9884802131","717825p132@kce.ac.in","Karpagam College of Engineering","Hackathon","None","₹300 (Team)","Tech Titans","Mohamed Binnathik M","9884802131","717825p132@kce.ac.in","Vikram N","Thanush Sakthi V S",""
"QAURA-2026-3244","Wed Oct 07 2026 20:16:44 GMT+0530 (India Standard Time)","Pending Verification","Shai Shmithesh","M R","9025358960","26adl11@kpriet.ac.in","KPR Institute of Engineering and Technology","Hackathon","None","₹300 (Team)","Triple Threat","Shai Shmithesh M R","9025358960","26adl11@kpriet.ac.in","Anbarasu S","Karthick S",""
"QAURA-2026-9051","Wed Oct 07 2026 20:16:44 GMT+0530 (India Standard Time)","Pending Verification","AGSAYA VIISNU","P B","7397330888","agsayaviisnu77@gmail.com","PSG COLLEGE OF ART'S & SCIENCE","Cloud Craft (Workshop)","None","₹250","","","","","","",""
"QAURA-2026-2716","Wed Oct 07 2026 20:16:44 GMT+0530 (India Standard Time)","Pending Verification","Dhaarshan","V","8525813344","26csl08@kpriet.ac.in","KPR Institute of Engineering and Technology","Hackathon","None","₹300 (Team)","Alt+F4","Dhaarshan","8525813344","26csl08@kpriet.ac.in","Ilakkya","Mownitha",""
"QAURA-2026-8563","Wed Oct 07 2026 20:16:44 GMT+0530 (India Standard Time)","Pending Verification","Sharvin","SJ","7598419666","sharvin@sharvinsj.com","Sri Chaitanaya","Hackathon","None","₹300 (Team)","Brainstormers","Sharvin SJ","7598419666","sharvin@sharvinsj.com","Shanmitha S","Gowdham Rangarajan",""
"QAURA-2026-7594","Wed Oct 07 2026 20:16:44 GMT+0530 (India Standard Time)","Pending Verification","SHASHISHEKHAR","CHAUBEY","9488352388","26u1020488507@srcas.ac.in","Sri Ramakrishna College of Arts and Science","Hackathon","None","₹300 (Team)","Nexora","Shashi Shekhar Chaubey","9488352388","26u1020488507@srcas.ac.in","A Reshma","Aafhiya S",""
"QAURA-2026-3082","Wed Oct 07 2026 20:16:44 GMT+0530 (India Standard Time)","Pending Verification","Pranav","S","9488025121","pranavsiva22@gmail.com","Rathinam Technical Campus","Hackathon","None","₹300 (Team)","Elite Tig3rs","Arun kumar M","7708059324","Offensivehunt3r@gmail.com","Pranav S","Kayal Vizee S",""
"QAURA-2026-5482","Wed Oct 07 2026 20:16:44 GMT+0530 (India Standard Time)","Pending Verification","test","s","9087237678","test@gmail.com","rcas","Cyber Forge (Workshop)","Quiz Competition","₹250","","","","","","",""
"QAURA-2026-1701","Wed Oct 07 2026 20:16:44 GMT+0530 (India Standard Time)","Pending Verification","Mohammed","S","7558142808","md.thabrez283@gmail.com","Rathinam Global deemed to be university","Cyber Forge (Workshop)","Prompt Generating","₹250","","","","","","",""
"QAURA-2026-8161","Wed Oct 07 2026 20:16:44 GMT+0530 (India Standard Time)","Pending Verification","Sunil","kumar","6385865347","sunilaathi866@gmail.com","RGU","Cyber Forge (Workshop)","None","₹250","","","","","","",""
"QAURA-2026-5958","Wed Oct 07 2026 20:16:44 GMT+0530 (India Standard Time)","Pending Verification","masskhduib","knknd","6987545456","kdfnfnf@gmail.com","rathinam globaldeemed to beuniversity","Cyber Forge (Workshop)","Prompt Generating","₹250","","","","","","",""
"QAURA-2026-5498","Wed Oct 07 2026 20:16:44 GMT+0530 (India Standard Time)","Pending Verification","test 1","k","9845127832","test@gmail.com","rcas","Cloud Craft (Workshop)","None","₹250","","","","","","",""
"QAURA-2026-4081","Wed Oct 07 2026 20:16:44 GMT+0530 (India Standard Time)","Pending Verification","Bala","Suriya","9384160788","bala@gmail.com","Rathinam global University","Hackathon","Prompt Generating","₹300 (Team)","Cyber strike","Bala","9363234993","bala@gmail.com","Sridev","Vishal",""
"QAURA-2026-1865","Wed Oct 07 2026 20:16:44 GMT+0530 (India Standard Time)","Pending Verification","test","n","9865875412","test@gmail.com","rcas","Cyber Forge (Workshop)","Click N Chill (Photography)","₹250","","","","","","",""
"QAURA-2026-8758","Wed Oct 07 2026 20:16:44 GMT+0530 (India Standard Time)","Pending Verification","sridev","k","9363234993","sridev@gmail.com","rathinam","Cyber Forge (Workshop)","Click N Chill (Photography)","₹250","","","","","","",""
"QAURA-2026-5415","Wed Oct 07 2026 20:16:44 GMT+0530 (India Standard Time)","Pending Verification","ar","j","9083902356","test@gmail.com","rcas","Cloud Craft (Workshop)","Quiz Competition","₹250","","","","","","",""
"QAURA-2026-3803","Wed Oct 07 2026 20:16:44 GMT+0530 (India Standard Time)","Pending Verification","abd","h","8923678592","sru@gmail.com","rcas","Cloud Craft (Workshop)","Click N Chill (Photography)","₹250","","","","","","",""
"QAURA-2026-1193","Wed Oct 07 2026 20:16:44 GMT+0530 (India Standard Time)","Pending Verification","test 5","s","7890236734","test@gmail.com","rathinam","Cloud Craft (Workshop)","Click N Chill (Photography)","₹250","","","","","","",""
"QAURA-2026-1158","Wed Oct 07 2026 20:16:44 GMT+0530 (India Standard Time)","Pending Verification","tezt3","j","9363234993","sridev@gmail.com","rathinam","CTF Challenge","Prompt Generating","₹250","","","","","","",""
"QAURA-2026-2377","Wed Oct 07 2026 20:16:44 GMT+0530 (India Standard Time)","Pending Verification","test 4","k","9087651278","test@gamil.com","rathinam","Cloud Craft (Workshop)","Prompt Generating","₹250","","","","","","",""
"QAURA-2026-7195","Wed Oct 07 2026 20:16:44 GMT+0530 (India Standard Time)","Pending Verification","test3","j","9856349018","sri@gmail.com","ksr","Cloud Craft (Workshop)","Click N Chill (Photography)","₹250","","","","","","",""
"QAURA-2026-6857","Wed Oct 07 2026 20:16:44 GMT+0530 (India Standard Time)","Pending Verification","test2","k","9812763409","test@gmail.com","rathinam","Cyber Forge (Workshop)","Click N Chill (Photography)","₹250","","","","","","",""
"QAURA-2026-4075","Wed Oct 07 2026 20:16:44 GMT+0530 (India Standard Time)","Pending Verification","test","k","9363234993","sridev@gmail.com","rathinam","Cyber Forge (Workshop)","Click N Chill (Photography)","₹250","","","","","","",""
"QAURA-2026-1206","Wed Oct 07 2026 20:16:44 GMT+0530 (India Standard Time)","Pending Verification","etst","n","9854784389","test@gmail.com","test","Cloud Craft (Workshop)","Click N Chill (Photography)","₹250","","","","","","",""
"QAURA-2026-5351","Wed Oct 07 2026 20:16:44 GMT+0530 (India Standard Time)","Pending Verification","test","k","8967234590","sridev2006.k@gmail.com","rathinam","Cyber Forge (Workshop)","Prompt Generating","₹250","","","","","","",""
"QAURA-2026-4128","Wed Oct 07 2026 20:16:44 GMT+0530 (India Standard Time)","Pending Verification","sri","k","9363234993","sridev2006.k@gmail.com","rathinam","Cyber Forge (Workshop)","Click N Chill (Photography)","₹250","","","","","","",""
"QAURA-2026-7589","Wed Oct 07 2026 20:16:44 GMT+0530 (India Standard Time)","Pending Verification","Test","Operative","9876543210","test@example.com","Rathinam","CTF Challenge","Quiz Competition","₹250","","","","","","",""
"QAURA-2026-4048","Wed Oct 07 2026 20:16:44 GMT+0530 (India Standard Time)","Pending Verification","jey","r","8923567828","sridev2006.k@gmail.com","rcas","Cloud Craft (Workshop)","Click N Chill (Photography)","₹250","","","","","","",""
"QAURA-2026-H3M5242","Wed Sep 30 2026 10:34:09 GMT+0530 (India Standard Time)","Pending Verification","Siddharth","Narayanan","9840112233","siddharth@example.com","Rathinam Global University","Hackathon","Prompt Generating","₹300 (Team)","CyberTitans3","Siddharth Narayanan","9840112233","siddharth@example.com","Gowtham K","Sneha R",""
"QAURA-2026-1901","Tue Sep 29 2026 15:51:32 GMT+0530 (India Standard Time)","Pending Verification","test","n","9865875412","test@gmail.com","rcas","Cyber Forge (Workshop)","Click N Chill (Photography)","₹250","","","","","","",""
"QAURA-2026-2152","Mon Sep 28 2026 22:45:26 GMT+0530 (India Standard Time)","Verified","sridev","k","9363234993","sridev@gmail.com","rathinam","Cyber Forge (Workshop)","Click N Chill (Photography)","₹250","","","","","","",""
"QAURA-2026-HACK2280","Mon Sep 28 2026 22:35:54 GMT+0530 (India Standard Time)","Pending Verification","Rohit","Verma","9789587778","rohit.v@example.com","PSG College of Technology","Hackathon","Prompt Generating","₹300 (Team)","CyberTitans","Rohit Verma","9789587778","rohit.v@example.com","Sanjay M","Priya K","Arun Kumar"
"QAURA-2026-IND2247","Mon Sep 28 2026 22:35:54 GMT+0530 (India Standard Time)","Verified","Ananya","Sharma","9840793431","ananya.s@example.com","Sri Krishna College of Tech","Cyber Forge (Workshop)","Quiz Competition","₹250","","","","","","",""
"QAURA-2026-7769","Mon Sep 28 2026 12:27:18 GMT+0530 (India Standard Time)","Verified","ar","j","9083902356","test@gmail.com","rcas","Cloud Craft (Workshop)","Quiz Competition","₹250","","","","","","",""
"QAURA-2026-TEST2073","Mon Sep 28 2026 12:25:57 GMT+0530 (India Standard Time)","Pending Verification","Karthik","R","9840123456","karthik@example.com","Rathinam Technical Campus","Prompt Arena (AI / Prompt Eng)","IPL Auction (Bidding & Strategy)","₹250","","","","","","",""
"QAURA-2026-3501","Sat Sep 26 2026 10:26:58 GMT+0530 (India Standard Time)","Verified","test3","j","9856349018","sri@gmail.com","ksr","Cloud Craft (Workshop)","Click N Chill (Photography)","₹250","","","","","","",""
"QAURA-2026-7890","Sat Sep 26 2026 10:08:24 GMT+0530 (India Standard Time)","Verified & Present","Aditya","Verma","9876543210","aditya.verma@example.com","Rathinam Technical Campus","Hackathon (Strike Team)","Gaming Arena","?300 (Team)","Quantum Pioneers","Aditya Verma","9876543210","aditya.verma@example.com","Rohit Sharma","Ananya Sen","Kiran Patel"